Date,Close
2007-09-17 00:00:00+05:30,4494.649902
2007-09-18 00:00:00+05:30,4546.200195
2007-09-19 00:00:00+05:30,4732.350098
2007-09-20 00:00:00+05:30,4747.549805
2007-09-21 00:00:00+05:30,4837.549805
2007-09-24 00:00:00+05:30,4932.200195
2007-09-25 00:00:00+05:30,4938.850098
2007-09-26 00:00:00+05:30,4940.5
2007-09-27 00:00:00+05:30,5000.549805
2007-09-28 00:00:00+05:30,5021.350098
2007-10-01 00:00:00+05:30,5068.950195
2007-10-03 00:00:00+05:30,5210.799805
2007-10-04 00:00:00+05:30,5208.649902
2007-10-05 00:00:00+05:30,5185.850098
2007-10-08 00:00:00+05:30,5085.100098
2007-10-09 00:00:00+05:30,5327.25
2007-10-10 00:00:00+05:30,5441.450195
2007-10-11 00:00:00+05:30,5524.850098
2007-10-12 00:00:00+05:30,5428.25
2007-10-15 00:00:00+05:30,5670.399902
2007-10-16 00:00:00+05:30,5668.049805
2007-10-17 00:00:00+05:30,5559.299805
2007-10-18 00:00:00+05:30,5351
2007-10-19 00:00:00+05:30,5215.299805
2007-10-22 00:00:00+05:30,5184
2007-10-23 00:00:00+05:30,5473.700195
2007-10-24 00:00:00+05:30,5496.149902
2007-10-25 00:00:00+05:30,5568.950195
2007-10-26 00:00:00+05:30,5702.299805
2007-10-29 00:00:00+05:30,5905.899902
2007-10-30 00:00:00+05:30,5868.75
2007-10-31 00:00:00+05:30,5900.649902
2007-11-01 00:00:00+05:30,5866.450195
2007-11-02 00:00:00+05:30,5932.399902
2007-11-05 00:00:00+05:30,5847.299805
2007-11-06 00:00:00+05:30,5786.5
2007-11-07 00:00:00+05:30,5782.350098
2007-11-08 00:00:00+05:30,5698.75
2007-11-12 00:00:00+05:30,5617.100098
2007-11-13 00:00:00+05:30,5695.399902
2007-11-14 00:00:00+05:30,5937.899902
2007-11-15 00:00:00+05:30,5912.100098
2007-11-16 00:00:00+05:30,5906.850098
2007-11-19 00:00:00+05:30,5907.649902
2007-11-20 00:00:00+05:30,5780.899902
2007-11-21 00:00:00+05:30,5561.049805
2007-11-22 00:00:00+05:30,5519.350098
2007-11-23 00:00:00+05:30,5608.600098
2007-11-26 00:00:00+05:30,5731.700195
2007-11-27 00:00:00+05:30,5698.149902
2007-11-28 00:00:00+05:30,5617.549805
2007-11-29 00:00:00+05:30,5634.600098
2007-11-30 00:00:00+05:30,5762.75
2007-12-03 00:00:00+05:30,5865
2007-12-04 00:00:00+05:30,5858.350098
2007-12-05 00:00:00+05:30,5940
2007-12-06 00:00:00+05:30,5954.700195
2007-12-07 00:00:00+05:30,5974.299805
2007-12-10 00:00:00+05:30,5960.600098
2007-12-11 00:00:00+05:30,6097.25
2007-12-12 00:00:00+05:30,6159.299805
2007-12-13 00:00:00+05:30,6058.100098
2007-12-14 00:00:00+05:30,6047.700195
2007-12-17 00:00:00+05:30,5777
2007-12-18 00:00:00+05:30,5742.299805
2007-12-19 00:00:00+05:30,5751.149902
2007-12-20 00:00:00+05:30,5766.5
2007-12-24 00:00:00+05:30,5985.100098
2007-12-26 00:00:00+05:30,6070.75
2007-12-27 00:00:00+05:30,6081.5
2007-12-28 00:00:00+05:30,6079.700195
2007-12-31 00:00:00+05:30,6138.600098
2008-01-01 00:00:00+05:30,6144.350098
2008-01-02 00:00:00+05:30,6179.399902
2008-01-03 00:00:00+05:30,6178.549805
2008-01-04 00:00:00+05:30,6274.299805
2008-01-07 00:00:00+05:30,6279.100098
2008-01-08 00:00:00+05:30,6287.850098
2008-01-09 00:00:00+05:30,6272
2008-01-10 00:00:00+05:30,6156.950195
2008-01-11 00:00:00+05:30,6200.100098
2008-01-14 00:00:00+05:30,6206.799805
2008-01-15 00:00:00+05:30,6074.25
2008-01-16 00:00:00+05:30,5935.75
2008-01-17 00:00:00+05:30,5913.200195
2008-01-18 00:00:00+05:30,5705.299805
2008-01-21 00:00:00+05:30,5208.799805
2008-01-22 00:00:00+05:30,4899.299805
2008-01-23 00:00:00+05:30,5203.399902
2008-01-24 00:00:00+05:30,5033.450195
2008-01-25 00:00:00+05:30,5383.350098
2008-01-28 00:00:00+05:30,5274.100098
2008-01-29 00:00:00+05:30,5280.799805
2008-01-30 00:00:00+05:30,5167.600098
2008-01-31 00:00:00+05:30,5137.450195
2008-02-01 00:00:00+05:30,5317.25
2008-02-04 00:00:00+05:30,5463.5
2008-02-05 00:00:00+05:30,5483.899902
2008-02-06 00:00:00+05:30,5322.549805
2008-02-07 00:00:00+05:30,5133.25
2008-02-08 00:00:00+05:30,5120.350098
2008-02-11 00:00:00+05:30,4857
2008-02-12 00:00:00+05:30,4838.25
2008-02-13 00:00:00+05:30,4929.450195
2008-02-14 00:00:00+05:30,5202
2008-02-15 00:00:00+05:30,5302.899902
2008-02-18 00:00:00+05:30,5276.899902
2008-02-19 00:00:00+05:30,5280.799805
2008-02-20 00:00:00+05:30,5154.450195
2008-02-21 00:00:00+05:30,5191.799805
2008-02-22 00:00:00+05:30,5110.75
2008-02-25 00:00:00+05:30,5200.700195
2008-02-26 00:00:00+05:30,5270.049805
2008-02-27 00:00:00+05:30,5268.399902
2008-02-28 00:00:00+05:30,5285.100098
2008-02-29 00:00:00+05:30,5223.5
2008-03-03 00:00:00+05:30,4953
2008-03-04 00:00:00+05:30,4864.25
2008-03-05 00:00:00+05:30,4921.399902
2008-03-07 00:00:00+05:30,4771.600098
2008-03-10 00:00:00+05:30,4800.399902
2008-03-11 00:00:00+05:30,4865.899902
2008-03-12 00:00:00+05:30,4872
2008-03-13 00:00:00+05:30,4623.600098
2008-03-14 00:00:00+05:30,4745.799805
2008-03-17 00:00:00+05:30,4503.100098
2008-03-18 00:00:00+05:30,4533
2008-03-19 00:00:00+05:30,4573.950195
2008-03-24 00:00:00+05:30,4609.850098
2008-03-25 00:00:00+05:30,4877.5
2008-03-26 00:00:00+05:30,4828.850098
2008-03-27 00:00:00+05:30,4830.25
2008-03-28 00:00:00+05:30,4942
2008-03-31 00:00:00+05:30,4734.5
2008-04-01 00:00:00+05:30,4739.549805
2008-04-02 00:00:00+05:30,4754.200195
2008-04-03 00:00:00+05:30,4771.600098
2008-04-04 00:00:00+05:30,4647
2008-04-07 00:00:00+05:30,4761.200195
2008-04-08 00:00:00+05:30,4709.649902
2008-04-09 00:00:00+05:30,4747.049805
2008-04-10 00:00:00+05:30,4733
2008-04-11 00:00:00+05:30,4777.799805
2008-04-15 00:00:00+05:30,4879.649902
2008-04-16 00:00:00+05:30,4887.299805
2008-04-17 00:00:00+05:30,4958.399902
2008-04-21 00:00:00+05:30,5037
2008-04-22 00:00:00+05:30,5049.299805
2008-04-23 00:00:00+05:30,5022.799805
2008-04-24 00:00:00+05:30,4999.850098
2008-04-25 00:00:00+05:30,5111.700195
2008-04-28 00:00:00+05:30,5089.649902
2008-04-29 00:00:00+05:30,5195.5
2008-04-30 00:00:00+05:30,5165.899902
2008-05-02 00:00:00+05:30,5228.200195
2008-05-05 00:00:00+05:30,5192.25
2008-05-06 00:00:00+05:30,5144.649902
2008-05-07 00:00:00+05:30,5135.5
2008-05-08 00:00:00+05:30,5081.700195
2008-05-09 00:00:00+05:30,4982.600098
2008-05-12 00:00:00+05:30,5012.649902
2008-05-13 00:00:00+05:30,4957.799805
2008-05-14 00:00:00+05:30,5011.75
2008-05-15 00:00:00+05:30,5115.25
2008-05-16 00:00:00+05:30,5157.700195
2008-05-20 00:00:00+05:30,5104.950195
2008-05-21 00:00:00+05:30,5117.649902
2008-05-22 00:00:00+05:30,5025.450195
2008-05-23 00:00:00+05:30,4946.549805
2008-05-26 00:00:00+05:30,4875.049805
2008-05-27 00:00:00+05:30,4859.799805
2008-05-28 00:00:00+05:30,4918.350098
2008-05-29 00:00:00+05:30,4835.299805
2008-05-30 00:00:00+05:30,4870.100098
2008-06-02 00:00:00+05:30,4739.600098
2008-06-03 00:00:00+05:30,4715.899902
2008-06-04 00:00:00+05:30,4585.600098
2008-06-05 00:00:00+05:30,4676.950195
2008-06-06 00:00:00+05:30,4627.799805
2008-06-09 00:00:00+05:30,4500.950195
2008-06-10 00:00:00+05:30,4449.799805
2008-06-11 00:00:00+05:30,4523.600098
2008-06-12 00:00:00+05:30,4539.350098
2008-06-13 00:00:00+05:30,4517.100098
2008-06-16 00:00:00+05:30,4572.5
2008-06-17 00:00:00+05:30,4653
2008-06-18 00:00:00+05:30,4582.399902
2008-06-19 00:00:00+05:30,4504.25
2008-06-20 00:00:00+05:30,4347.549805
2008-06-23 00:00:00+05:30,4266.399902
2008-06-24 00:00:00+05:30,4191.100098
2008-06-25 00:00:00+05:30,4252.649902
2008-06-26 00:00:00+05:30,4315.850098
2008-06-27 00:00:00+05:30,4136.649902
2008-06-30 00:00:00+05:30,4040.550049
2008-07-01 00:00:00+05:30,3896.75
2008-07-02 00:00:00+05:30,4093.350098
2008-07-03 00:00:00+05:30,3925.75
2008-07-04 00:00:00+05:30,4016
2008-07-07 00:00:00+05:30,4030
2008-07-08 00:00:00+05:30,3988.550049
2008-07-09 00:00:00+05:30,4157.100098
2008-07-10 00:00:00+05:30,4162.200195
2008-07-11 00:00:00+05:30,4049
2008-07-14 00:00:00+05:30,4039.699951
2008-07-15 00:00:00+05:30,3861.100098
2008-07-16 00:00:00+05:30,3816.699951
2008-07-17 00:00:00+05:30,3947.199951
2008-07-18 00:00:00+05:30,4092.25
2008-07-21 00:00:00+05:30,4159.5
2008-07-22 00:00:00+05:30,4240.100098
2008-07-23 00:00:00+05:30,4476.799805
2008-07-24 00:00:00+05:30,4433.549805
2008-07-25 00:00:00+05:30,4311.850098
2008-07-28 00:00:00+05:30,4332.100098
2008-07-29 00:00:00+05:30,4189.850098
2008-07-30 00:00:00+05:30,4313.549805
2008-07-31 00:00:00+05:30,4332.950195
2008-08-01 00:00:00+05:30,4413.549805
2008-08-04 00:00:00+05:30,4395.350098
2008-08-05 00:00:00+05:30,4502.850098
2008-08-06 00:00:00+05:30,4517.549805
2008-08-07 00:00:00+05:30,4523.850098
2008-08-08 00:00:00+05:30,4529.5
2008-08-11 00:00:00+05:30,4620.399902
2008-08-12 00:00:00+05:30,4552.25
2008-08-13 00:00:00+05:30,4529.049805
2008-08-14 00:00:00+05:30,4430.700195
2008-08-18 00:00:00+05:30,4393.049805
2008-08-19 00:00:00+05:30,4368.25
2008-08-20 00:00:00+05:30,4415.75
2008-08-21 00:00:00+05:30,4283.850098
2008-08-22 00:00:00+05:30,4327.450195
2008-08-25 00:00:00+05:30,4335.350098
2008-08-26 00:00:00+05:30,4337.5
2008-08-27 00:00:00+05:30,4292.100098
2008-08-28 00:00:00+05:30,4214
2008-08-29 00:00:00+05:30,4360
2008-09-01 00:00:00+05:30,4348.649902
2008-09-02 00:00:00+05:30,4504
2008-09-04 00:00:00+05:30,4447.75
2008-09-05 00:00:00+05:30,4352.299805
2008-09-08 00:00:00+05:30,4482.299805
2008-09-09 00:00:00+05:30,4468.700195
2008-09-10 00:00:00+05:30,4400.25
2008-09-11 00:00:00+05:30,4290.299805
2008-09-12 00:00:00+05:30,4228.450195
2008-09-15 00:00:00+05:30,4072.899902
2008-09-16 00:00:00+05:30,4074.899902
2008-09-17 00:00:00+05:30,4008.25
2008-09-18 00:00:00+05:30,4038.149902
2008-09-19 00:00:00+05:30,4245.25
2008-09-22 00:00:00+05:30,4223.049805
2008-09-23 00:00:00+05:30,4126.899902
2008-09-24 00:00:00+05:30,4161.25
2008-09-25 00:00:00+05:30,4110.549805
2008-09-26 00:00:00+05:30,3985.25
2008-09-29 00:00:00+05:30,3850.050049
2008-09-30 00:00:00+05:30,3921.199951
2008-10-01 00:00:00+05:30,3950.75
2008-10-03 00:00:00+05:30,3818.300049
2008-10-06 00:00:00+05:30,3602.350098
2008-10-07 00:00:00+05:30,3606.600098
2008-10-08 00:00:00+05:30,3513.649902
2008-10-10 00:00:00+05:30,3279.949951
2008-10-13 00:00:00+05:30,3490.699951
2008-10-14 00:00:00+05:30,3518.649902
2008-10-15 00:00:00+05:30,3338.399902
2008-10-16 00:00:00+05:30,3269.300049
2008-10-17 00:00:00+05:30,3074.350098
2008-10-20 00:00:00+05:30,3122.800049
2008-10-21 00:00:00+05:30,3234.899902
2008-10-22 00:00:00+05:30,3065.149902
2008-10-23 00:00:00+05:30,2943.149902
2008-10-24 00:00:00+05:30,2584
2008-10-27 00:00:00+05:30,2524.199951
2008-10-29 00:00:00+05:30,2697.050049
2008-10-31 00:00:00+05:30,2885.600098
2008-11-03 00:00:00+05:30,3043.850098
2008-11-04 00:00:00+05:30,3142.100098
2008-11-05 00:00:00+05:30,2994.949951
2008-11-06 00:00:00+05:30,2892.649902
2008-11-07 00:00:00+05:30,2973
2008-11-10 00:00:00+05:30,3148.25
2008-11-11 00:00:00+05:30,2938.649902
2008-11-12 00:00:00+05:30,2848.449951
2008-11-14 00:00:00+05:30,2810.350098
2008-11-17 00:00:00+05:30,2799.550049
2008-11-18 00:00:00+05:30,2683.149902
2008-11-19 00:00:00+05:30,2635
2008-11-20 00:00:00+05:30,2553.149902
2008-11-21 00:00:00+05:30,2693.449951
2008-11-24 00:00:00+05:30,2708.25
2008-11-25 00:00:00+05:30,2654
2008-11-26 00:00:00+05:30,2752.25
2008-11-28 00:00:00+05:30,2755.100098
2008-12-01 00:00:00+05:30,2682.899902
2008-12-02 00:00:00+05:30,2657.800049
2008-12-03 00:00:00+05:30,2656.449951
2008-12-04 00:00:00+05:30,2788
2008-12-05 00:00:00+05:30,2714.399902
2008-12-08 00:00:00+05:30,2784
2008-12-10 00:00:00+05:30,2928.25
2008-12-11 00:00:00+05:30,2920.149902
2008-12-12 00:00:00+05:30,2921.350098
2008-12-15 00:00:00+05:30,2981.199951
2008-12-16 00:00:00+05:30,3041.75
2008-12-17 00:00:00+05:30,2954.350098
2008-12-18 00:00:00+05:30,3060.75
2008-12-19 00:00:00+05:30,3077.5
2008-12-22 00:00:00+05:30,3039.300049
2008-12-23 00:00:00+05:30,2968.649902
2008-12-24 00:00:00+05:30,2916.850098
2008-12-26 00:00:00+05:30,2857.25
2008-12-29 00:00:00+05:30,2922.199951
2008-12-30 00:00:00+05:30,2979.5
2008-12-31 00:00:00+05:30,2959.149902
2009-01-02 00:00:00+05:30,3046.75
2009-01-05 00:00:00+05:30,3121.449951
2009-01-06 00:00:00+05:30,3112.800049
2009-01-07 00:00:00+05:30,2920.399902
2009-01-09 00:00:00+05:30,2873
2009-01-12 00:00:00+05:30,2773.100098
2009-01-13 00:00:00+05:30,2744.949951
2009-01-14 00:00:00+05:30,2835.300049
2009-01-15 00:00:00+05:30,2736.699951
2009-01-16 00:00:00+05:30,2828.449951
2009-01-19 00:00:00+05:30,2846.199951
2009-01-20 00:00:00+05:30,2796.600098
2009-01-21 00:00:00+05:30,2706.149902
2009-01-22 00:00:00+05:30,2713.800049
2009-01-23 00:00:00+05:30,2678.550049
2009-01-27 00:00:00+05:30,2771.350098
2009-01-28 00:00:00+05:30,2849.5
2009-01-29 00:00:00+05:30,2823.949951
2009-01-30 00:00:00+05:30,2874.800049
2009-02-02 00:00:00+05:30,2766.649902
2009-02-03 00:00:00+05:30,2783.899902
2009-02-04 00:00:00+05:30,2803.050049
2009-02-05 00:00:00+05:30,2780.050049
2009-02-06 00:00:00+05:30,2843.100098
2009-02-09 00:00:00+05:30,2919.899902
2009-02-10 00:00:00+05:30,2934.5
2009-02-11 00:00:00+05:30,2925.699951
2009-02-12 00:00:00+05:30,2893.050049
2009-02-13 00:00:00+05:30,2948.350098
2009-02-16 00:00:00+05:30,2848.5
2009-02-17 00:00:00+05:30,2770.5
2009-02-18 00:00:00+05:30,2776.149902
2009-02-19 00:00:00+05:30,2789.350098
2009-02-20 00:00:00+05:30,2736.449951
2009-02-24 00:00:00+05:30,2733.899902
2009-02-25 00:00:00+05:30,2762.5
2009-02-26 00:00:00+05:30,2785.649902
2009-02-27 00:00:00+05:30,2763.649902
2009-03-02 00:00:00+05:30,2674.600098
2009-03-03 00:00:00+05:30,2622.399902
2009-03-04 00:00:00+05:30,2645.199951
2009-03-05 00:00:00+05:30,2576.699951
2009-03-06 00:00:00+05:30,2620.149902
2009-03-09 00:00:00+05:30,2573.149902
2009-03-12 00:00:00+05:30,2617.449951
2009-03-13 00:00:00+05:30,2719.25
2009-03-16 00:00:00+05:30,2777.25
2009-03-17 00:00:00+05:30,2757.449951
2009-03-18 00:00:00+05:30,2794.699951
2009-03-19 00:00:00+05:30,2807.149902
2009-03-20 00:00:00+05:30,2807.050049
2009-03-23 00:00:00+05:30,2939.899902
2009-03-24 00:00:00+05:30,2938.699951
2009-03-25 00:00:00+05:30,2984.350098
2009-03-26 00:00:00+05:30,3082.25
2009-03-27 00:00:00+05:30,3108.649902
2009-03-30 00:00:00+05:30,2978.149902
2009-03-31 00:00:00+05:30,3020.949951
2009-04-01 00:00:00+05:30,3060.350098
2009-04-02 00:00:00+05:30,3211.050049
2009-04-06 00:00:00+05:30,3256.600098
2009-04-08 00:00:00+05:30,3342.949951
2009-04-09 00:00:00+05:30,3342.050049
2009-04-13 00:00:00+05:30,3382.600098
2009-04-15 00:00:00+05:30,3484.149902
2009-04-16 00:00:00+05:30,3369.5
2009-04-17 00:00:00+05:30,3384.399902
2009-04-20 00:00:00+05:30,3377.100098
2009-04-21 00:00:00+05:30,3365.300049
2009-04-22 00:00:00+05:30,3330.300049
2009-04-23 00:00:00+05:30,3423.699951
2009-04-24 00:00:00+05:30,3480.75
2009-04-27 00:00:00+05:30,3470
2009-04-28 00:00:00+05:30,3362.350098
2009-04-29 00:00:00+05:30,3473.949951
2009-05-04 00:00:00+05:30,3654
2009-05-05 00:00:00+05:30,3661.899902
2009-05-06 00:00:00+05:30,3625.050049
2009-05-07 00:00:00+05:30,3683.899902
2009-05-08 00:00:00+05:30,3620.699951
2009-05-11 00:00:00+05:30,3554.600098
2009-05-12 00:00:00+05:30,3681.100098
2009-05-13 00:00:00+05:30,3635.25
2009-05-14 00:00:00+05:30,3593.449951
2009-05-15 00:00:00+05:30,3671.649902
2009-05-18 00:00:00+05:30,4323.149902
2009-05-19 00:00:00+05:30,4318.450195
2009-05-20 00:00:00+05:30,4270.299805
2009-05-21 00:00:00+05:30,4210.899902
2009-05-22 00:00:00+05:30,4238.5
2009-05-25 00:00:00+05:30,4237.549805
2009-05-26 00:00:00+05:30,4116.700195
2009-05-27 00:00:00+05:30,4276.049805
2009-05-28 00:00:00+05:30,4337.100098
2009-05-29 00:00:00+05:30,4448.950195
2009-06-01 00:00:00+05:30,4529.899902
2009-06-02 00:00:00+05:30,4525.25
2009-06-03 00:00:00+05:30,4530.700195
2009-06-04 00:00:00+05:30,4572.649902
2009-06-05 00:00:00+05:30,4586.899902
2009-06-08 00:00:00+05:30,4429.899902
2009-06-09 00:00:00+05:30,4550.950195
2009-06-10 00:00:00+05:30,4655.25
2009-06-11 00:00:00+05:30,4637.700195
2009-06-12 00:00:00+05:30,4583.399902
2009-06-15 00:00:00+05:30,4484
2009-06-16 00:00:00+05:30,4517.799805
2009-06-17 00:00:00+05:30,4356.149902
2009-06-18 00:00:00+05:30,4251.399902
2009-06-19 00:00:00+05:30,4313.600098
2009-06-22 00:00:00+05:30,4235.25
2009-06-23 00:00:00+05:30,4247
2009-06-24 00:00:00+05:30,4292.950195
2009-06-25 00:00:00+05:30,4241.850098
2009-06-26 00:00:00+05:30,4375.5
2009-06-29 00:00:00+05:30,4390.950195
2009-06-30 00:00:00+05:30,4291.100098
2009-07-01 00:00:00+05:30,4340.899902
2009-07-02 00:00:00+05:30,4348.850098
2009-07-03 00:00:00+05:30,4424.25
2009-07-06 00:00:00+05:30,4165.700195
2009-07-07 00:00:00+05:30,4202.149902
2009-07-08 00:00:00+05:30,4078.899902
2009-07-09 00:00:00+05:30,4080.949951
2009-07-10 00:00:00+05:30,4003.899902
2009-07-13 00:00:00+05:30,3974.050049
2009-07-14 00:00:00+05:30,4111.399902
2009-07-15 00:00:00+05:30,4233.5
2009-07-16 00:00:00+05:30,4231.399902
2009-07-17 00:00:00+05:30,4374.950195
2009-07-20 00:00:00+05:30,4502.25
2009-07-21 00:00:00+05:30,4469.100098
2009-07-22 00:00:00+05:30,4398.899902
2009-07-23 00:00:00+05:30,4523.75
2009-07-24 00:00:00+05:30,4568.549805
2009-07-27 00:00:00+05:30,4572.299805
2009-07-28 00:00:00+05:30,4564.100098
2009-07-29 00:00:00+05:30,4513.5
2009-07-30 00:00:00+05:30,4571.450195
2009-07-31 00:00:00+05:30,4636.450195
2009-08-03 00:00:00+05:30,4711.399902
2009-08-04 00:00:00+05:30,4680.5
2009-08-05 00:00:00+05:30,4694.149902
2009-08-06 00:00:00+05:30,4585.5
2009-08-07 00:00:00+05:30,4481.399902
2009-08-10 00:00:00+05:30,4437.649902
2009-08-11 00:00:00+05:30,4471.350098
2009-08-12 00:00:00+05:30,4457.5
2009-08-13 00:00:00+05:30,4605
2009-08-14 00:00:00+05:30,4580.049805
2009-08-17 00:00:00+05:30,4387.899902
2009-08-18 00:00:00+05:30,4458.899902
2009-08-19 00:00:00+05:30,4394.100098
2009-08-20 00:00:00+05:30,4453.450195
2009-08-21 00:00:00+05:30,4528.799805
2009-08-24 00:00:00+05:30,4642.799805
2009-08-25 00:00:00+05:30,4659.350098
2009-08-26 00:00:00+05:30,4680.850098
2009-08-27 00:00:00+05:30,4688.200195
2009-08-28 00:00:00+05:30,4732.350098
2009-08-31 00:00:00+05:30,4662.100098
2009-09-01 00:00:00+05:30,4625.350098
2009-09-02 00:00:00+05:30,4608.350098
2009-09-03 00:00:00+05:30,4593.549805
2009-09-04 00:00:00+05:30,4680.399902
2009-09-07 00:00:00+05:30,4782.899902
2009-09-08 00:00:00+05:30,4805.25
2009-09-09 00:00:00+05:30,4814.25
2009-09-10 00:00:00+05:30,4819.399902
2009-09-11 00:00:00+05:30,4829.549805
2009-09-14 00:00:00+05:30,4808.600098
2009-09-15 00:00:00+05:30,4892.100098
2009-09-16 00:00:00+05:30,4958.399902
2009-09-17 00:00:00+05:30,4965.549805
2009-09-18 00:00:00+05:30,4976.049805
2009-09-22 00:00:00+05:30,5020.200195
2009-09-23 00:00:00+05:30,4969.950195
2009-09-24 00:00:00+05:30,4986.549805
2009-09-25 00:00:00+05:30,4958.950195
2009-09-29 00:00:00+05:30,5006.850098
2009-09-30 00:00:00+05:30,5083.950195
2009-10-01 00:00:00+05:30,5083.399902
2009-10-05 00:00:00+05:30,5003.200195
2009-10-06 00:00:00+05:30,5027.399902
2009-10-07 00:00:00+05:30,4985.75
2009-10-08 00:00:00+05:30,5002.25
2009-10-09 00:00:00+05:30,4945.200195
2009-10-12 00:00:00+05:30,5054.25
2009-10-14 00:00:00+05:30,5118.200195
2009-10-15 00:00:00+05:30,5108.850098
2009-10-16 00:00:00+05:30,5142.149902
2009-10-20 00:00:00+05:30,5114.450195
2009-10-21 00:00:00+05:30,5063.600098
2009-10-22 00:00:00+05:30,4988.600098
2009-10-23 00:00:00+05:30,4997.049805
2009-10-26 00:00:00+05:30,4970.899902
2009-10-27 00:00:00+05:30,4846.700195
2009-10-28 00:00:00+05:30,4826.149902
2009-10-29 00:00:00+05:30,4750.549805
2009-10-30 00:00:00+05:30,4711.700195
2009-11-03 00:00:00+05:30,4563.899902
2009-11-04 00:00:00+05:30,4710.799805
2009-11-05 00:00:00+05:30,4765.549805
2009-11-06 00:00:00+05:30,4796.149902
2009-11-09 00:00:00+05:30,4898.399902
2009-11-10 00:00:00+05:30,4881.700195
2009-11-11 00:00:00+05:30,5003.950195
2009-11-12 00:00:00+05:30,4952.649902
2009-11-13 00:00:00+05:30,4998.950195
2009-11-16 00:00:00+05:30,5058.049805
2009-11-17 00:00:00+05:30,5062.25
2009-11-18 00:00:00+05:30,5054.700195
2009-11-19 00:00:00+05:30,4989
2009-11-20 00:00:00+05:30,5052.450195
2009-11-23 00:00:00+05:30,5103.549805
2009-11-24 00:00:00+05:30,5090.549805
2009-11-25 00:00:00+05:30,5108.149902
2009-11-26 00:00:00+05:30,5005.549805
2009-11-27 00:00:00+05:30,4941.75
2009-11-30 00:00:00+05:30,5032.700195
2009-12-01 00:00:00+05:30,5122
2009-12-02 00:00:00+05:30,5123.25
2009-12-03 00:00:00+05:30,5131.700195
2009-12-04 00:00:00+05:30,5108.899902
2009-12-07 00:00:00+05:30,5066.700195
2009-12-08 00:00:00+05:30,5147.950195
2009-12-09 00:00:00+05:30,5112
2009-12-10 00:00:00+05:30,5134.649902
2009-12-11 00:00:00+05:30,5117.299805
2009-12-14 00:00:00+05:30,5105.700195
2009-12-15 00:00:00+05:30,5033.049805
2009-12-16 00:00:00+05:30,5042.049805
2009-12-17 00:00:00+05:30,5041.75
2009-12-18 00:00:00+05:30,4987.700195
2009-12-21 00:00:00+05:30,4952.600098
2009-12-22 00:00:00+05:30,4985.850098
2009-12-23 00:00:00+05:30,5144.600098
2009-12-24 00:00:00+05:30,5178.399902
2009-12-29 00:00:00+05:30,5187.950195
2009-12-30 00:00:00+05:30,5169.450195
2009-12-31 00:00:00+05:30,5201.049805
2010-01-04 00:00:00+05:30,5232.200195
2010-01-05 00:00:00+05:30,5277.899902
2010-01-06 00:00:00+05:30,5281.799805
2010-01-07 00:00:00+05:30,5263.100098
2010-01-08 00:00:00+05:30,5244.75
2010-01-11 00:00:00+05:30,5249.399902
2010-01-12 00:00:00+05:30,5210.399902
2010-01-13 00:00:00+05:30,5233.950195
2010-01-14 00:00:00+05:30,5259.899902
2010-01-15 00:00:00+05:30,5252.200195
2010-01-18 00:00:00+05:30,5274.850098
2010-01-19 00:00:00+05:30,5225.649902
2010-01-20 00:00:00+05:30,5221.700195
2010-01-21 00:00:00+05:30,5094.149902
2010-01-22 00:00:00+05:30,5036
2010-01-25 00:00:00+05:30,5007.899902
2010-01-27 00:00:00+05:30,4853.100098
2010-01-28 00:00:00+05:30,4867.25
2010-01-29 00:00:00+05:30,4882.049805
2010-02-01 00:00:00+05:30,4899.700195
2010-02-02 00:00:00+05:30,4830.100098
2010-02-03 00:00:00+05:30,4931.850098
2010-02-04 00:00:00+05:30,4845.350098
2010-02-05 00:00:00+05:30,4718.649902
2010-02-08 00:00:00+05:30,4760.399902
2010-02-09 00:00:00+05:30,4792.649902
2010-02-10 00:00:00+05:30,4757.200195
2010-02-11 00:00:00+05:30,4826.850098
2010-02-15 00:00:00+05:30,4801.950195
2010-02-16 00:00:00+05:30,4855.75
2010-02-17 00:00:00+05:30,4914
2010-02-18 00:00:00+05:30,4887.75
2010-02-19 00:00:00+05:30,4844.899902
2010-02-22 00:00:00+05:30,4856.399902
2010-02-23 00:00:00+05:30,4870.049805
2010-02-24 00:00:00+05:30,4858.600098
2010-02-25 00:00:00+05:30,4859.75
2010-02-26 00:00:00+05:30,4922.299805
2010-03-02 00:00:00+05:30,5017
2010-03-03 00:00:00+05:30,5088.100098
2010-03-04 00:00:00+05:30,5080.25
2010-03-05 00:00:00+05:30,5088.700195
2010-03-08 00:00:00+05:30,5124
2010-03-09 00:00:00+05:30,5101.5
2010-03-10 00:00:00+05:30,5116.25
2010-03-11 00:00:00+05:30,5133.399902
2010-03-12 00:00:00+05:30,5137
2010-03-15 00:00:00+05:30,5128.899902
2010-03-16 00:00:00+05:30,5198.100098
2010-03-17 00:00:00+05:30,5231.899902
2010-03-18 00:00:00+05:30,5245.899902
2010-03-19 00:00:00+05:30,5262.799805
2010-03-22 00:00:00+05:30,5205.200195
2010-03-23 00:00:00+05:30,5225.299805
2010-03-25 00:00:00+05:30,5260.399902
2010-03-26 00:00:00+05:30,5282
2010-03-29 00:00:00+05:30,5302.850098
2010-03-30 00:00:00+05:30,5262.450195
2010-03-31 00:00:00+05:30,5249.100098
2010-04-01 00:00:00+05:30,5290.5
2010-04-05 00:00:00+05:30,5368.399902
2010-04-06 00:00:00+05:30,5366
2010-04-07 00:00:00+05:30,5374.649902
2010-04-08 00:00:00+05:30,5304.450195
2010-04-09 00:00:00+05:30,5361.75
2010-04-12 00:00:00+05:30,5339.700195
2010-04-13 00:00:00+05:30,5322.950195
2010-04-15 00:00:00+05:30,5273.600098
2010-04-16 00:00:00+05:30,5262.600098
2010-04-19 00:00:00+05:30,5203.649902
2010-04-20 00:00:00+05:30,5230.100098
2010-04-21 00:00:00+05:30,5244.899902
2010-04-22 00:00:00+05:30,5269.350098
2010-04-23 00:00:00+05:30,5304.100098
2010-04-26 00:00:00+05:30,5322.450195
2010-04-27 00:00:00+05:30,5308.350098
2010-04-28 00:00:00+05:30,5215.450195
2010-04-29 00:00:00+05:30,5254.149902
2010-04-30 00:00:00+05:30,5278
2010-05-03 00:00:00+05:30,5222.75
2010-05-04 00:00:00+05:30,5148.5
2010-05-05 00:00:00+05:30,5124.899902
2010-05-06 00:00:00+05:30,5090.850098
2010-05-07 00:00:00+05:30,5018.049805
2010-05-10 00:00:00+05:30,5193.600098
2010-05-11 00:00:00+05:30,5136.149902
2010-05-12 00:00:00+05:30,5156.649902
2010-05-13 00:00:00+05:30,5178.899902
2010-05-14 00:00:00+05:30,5093.5
2010-05-17 00:00:00+05:30,5059.899902
2010-05-18 00:00:00+05:30,5066.200195
2010-05-19 00:00:00+05:30,4919.649902
2010-05-20 00:00:00+05:30,4947.600098
2010-05-21 00:00:00+05:30,4931.149902
2010-05-24 00:00:00+05:30,4943.950195
2010-05-25 00:00:00+05:30,4806.75
2010-05-26 00:00:00+05:30,4917.399902
2010-05-27 00:00:00+05:30,5003.100098
2010-05-28 00:00:00+05:30,5066.549805
2010-05-31 00:00:00+05:30,5086.299805
2010-06-01 00:00:00+05:30,4970.200195
2010-06-02 00:00:00+05:30,5019.850098
2010-06-03 00:00:00+05:30,5110.5
2010-06-04 00:00:00+05:30,5135.5
2010-06-07 00:00:00+05:30,5034
2010-06-08 00:00:00+05:30,4987.100098
2010-06-09 00:00:00+05:30,5000.299805
2010-06-10 00:00:00+05:30,5078.600098
2010-06-11 00:00:00+05:30,5119.350098
2010-06-14 00:00:00+05:30,5197.700195
2010-06-15 00:00:00+05:30,5222.350098
2010-06-16 00:00:00+05:30,5233.350098
2010-06-17 00:00:00+05:30,5274.850098
2010-06-18 00:00:00+05:30,5262.600098
2010-06-21 00:00:00+05:30,5353.299805
2010-06-22 00:00:00+05:30,5316.549805
2010-06-23 00:00:00+05:30,5323.149902
2010-06-24 00:00:00+05:30,5320.600098
2010-06-25 00:00:00+05:30,5269.049805
2010-06-28 00:00:00+05:30,5333.5
2010-06-29 00:00:00+05:30,5256.149902
2010-06-30 00:00:00+05:30,5312.5
2010-07-01 00:00:00+05:30,5251.399902
2010-07-02 00:00:00+05:30,5237.100098
2010-07-05 00:00:00+05:30,5235.899902
2010-07-06 00:00:00+05:30,5289.049805
2010-07-07 00:00:00+05:30,5241.100098
2010-07-08 00:00:00+05:30,5296.850098
2010-07-09 00:00:00+05:30,5352.450195
2010-07-12 00:00:00+05:30,5383
2010-07-13 00:00:00+05:30,5400.649902
2010-07-14 00:00:00+05:30,5386.149902
2010-07-15 00:00:00+05:30,5378.75
2010-07-16 00:00:00+05:30,5393.899902
2010-07-19 00:00:00+05:30,5386.450195
2010-07-20 00:00:00+05:30,5368
2010-07-21 00:00:00+05:30,5399.350098
2010-07-22 00:00:00+05:30,5441.950195
2010-07-23 00:00:00+05:30,5449.100098
2010-07-26 00:00:00+05:30,5418.600098
2010-07-27 00:00:00+05:30,5430.600098
2010-07-28 00:00:00+05:30,5397.549805
2010-07-29 00:00:00+05:30,5408.899902
2010-07-30 00:00:00+05:30,5367.600098
2010-08-02 00:00:00+05:30,5431.649902
2010-08-03 00:00:00+05:30,5439.549805
2010-08-04 00:00:00+05:30,5467.850098
2010-08-05 00:00:00+05:30,5447.100098
2010-08-06 00:00:00+05:30,5439.25
2010-08-09 00:00:00+05:30,5486.149902
2010-08-10 00:00:00+05:30,5460.700195
2010-08-11 00:00:00+05:30,5420.600098
2010-08-12 00:00:00+05:30,5416.450195
2010-08-13 00:00:00+05:30,5452.100098
2010-08-16 00:00:00+05:30,5418.299805
2010-08-17 00:00:00+05:30,5414.149902
2010-08-18 00:00:00+05:30,5479.149902
2010-08-19 00:00:00+05:30,5540.200195
2010-08-20 00:00:00+05:30,5530.649902
2010-08-23 00:00:00+05:30,5543.5
2010-08-24 00:00:00+05:30,5505.100098
2010-08-25 00:00:00+05:30,5462.350098
2010-08-26 00:00:00+05:30,5477.899902
2010-08-27 00:00:00+05:30,5408.700195
2010-08-30 00:00:00+05:30,5415.450195
2010-08-31 00:00:00+05:30,5402.399902
2010-09-01 00:00:00+05:30,5471.850098
2010-09-02 00:00:00+05:30,5486.149902
2010-09-03 00:00:00+05:30,5479.399902
2010-09-06 00:00:00+05:30,5576.950195
2010-09-07 00:00:00+05:30,5604
2010-09-08 00:00:00+05:30,5607.850098
2010-09-09 00:00:00+05:30,5640.049805
2010-09-13 00:00:00+05:30,5760
2010-09-14 00:00:00+05:30,5795.549805
2010-09-15 00:00:00+05:30,5860.950195
2010-09-16 00:00:00+05:30,5828.700195
2010-09-17 00:00:00+05:30,5884.950195
2010-09-20 00:00:00+05:30,5980.450195
2010-09-21 00:00:00+05:30,6009.049805
2010-09-22 00:00:00+05:30,5991
2010-09-23 00:00:00+05:30,5959.549805
2010-09-24 00:00:00+05:30,6018.299805
2010-09-27 00:00:00+05:30,6035.649902
2010-09-28 00:00:00+05:30,6029.5
2010-09-29 00:00:00+05:30,5991.299805
2010-09-30 00:00:00+05:30,6029.950195
2010-10-01 00:00:00+05:30,6143.399902
2010-10-04 00:00:00+05:30,6159.450195
2010-10-05 00:00:00+05:30,6145.799805
2010-10-06 00:00:00+05:30,6186.450195
2010-10-07 00:00:00+05:30,6120.299805
2010-10-08 00:00:00+05:30,6103.450195
2010-10-11 00:00:00+05:30,6135.850098
2010-10-12 00:00:00+05:30,6090.899902
2010-10-13 00:00:00+05:30,6233.899902
2010-10-14 00:00:00+05:30,6177.350098
2010-10-15 00:00:00+05:30,6062.649902
2010-10-18 00:00:00+05:30,6075.950195
2010-10-19 00:00:00+05:30,6027.299805
2010-10-20 00:00:00+05:30,5982.100098
2010-10-21 00:00:00+05:30,6101.5
2010-10-22 00:00:00+05:30,6066.049805
2010-10-25 00:00:00+05:30,6105.799805
2010-10-26 00:00:00+05:30,6082
2010-10-27 00:00:00+05:30,6012.649902
2010-10-28 00:00:00+05:30,5987.700195
2010-10-29 00:00:00+05:30,6017.700195
2010-11-01 00:00:00+05:30,6117.549805
2010-11-02 00:00:00+05:30,6119
2010-11-03 00:00:00+05:30,6160.5
2010-11-04 00:00:00+05:30,6281.799805
2010-11-08 00:00:00+05:30,6273.200195
2010-11-09 00:00:00+05:30,6301.549805
2010-11-10 00:00:00+05:30,6275.700195
2010-11-11 00:00:00+05:30,6194.25
2010-11-12 00:00:00+05:30,6071.649902
2010-11-15 00:00:00+05:30,6121.600098
2010-11-16 00:00:00+05:30,5988.700195
2010-11-18 00:00:00+05:30,5998.799805
2010-11-19 00:00:00+05:30,5890.299805
2010-11-22 00:00:00+05:30,6010
2010-11-23 00:00:00+05:30,5934.75
2010-11-24 00:00:00+05:30,5865.75
2010-11-25 00:00:00+05:30,5799.75
2010-11-26 00:00:00+05:30,5751.950195
2010-11-29 00:00:00+05:30,5830
2010-11-30 00:00:00+05:30,5862.700195
2010-12-01 00:00:00+05:30,5960.899902
2010-12-02 00:00:00+05:30,6011.700195
2010-12-03 00:00:00+05:30,5992.799805
2010-12-06 00:00:00+05:30,5992.25
2010-12-07 00:00:00+05:30,5976.549805
2010-12-08 00:00:00+05:30,5903.700195
2010-12-09 00:00:00+05:30,5766.5
2010-12-10 00:00:00+05:30,5857.350098
2010-12-13 00:00:00+05:30,5907.649902
2010-12-14 00:00:00+05:30,5944.100098
2010-12-15 00:00:00+05:30,5892.299805
2010-12-16 00:00:00+05:30,5948.75
2010-12-20 00:00:00+05:30,5947.049805
2010-12-21 00:00:00+05:30,6000.649902
2010-12-22 00:00:00+05:30,5984.399902
2010-12-23 00:00:00+05:30,5980
2010-12-24 00:00:00+05:30,6011.600098
2010-12-27 00:00:00+05:30,5998.100098
2010-12-28 00:00:00+05:30,5996
2010-12-29 00:00:00+05:30,6060.350098
2010-12-30 00:00:00+05:30,6101.850098
2010-12-31 00:00:00+05:30,6134.5
2011-01-03 00:00:00+05:30,6157.600098
2011-01-04 00:00:00+05:30,6146.350098
2011-01-05 00:00:00+05:30,6079.799805
2011-01-06 00:00:00+05:30,6048.25
2011-01-07 00:00:00+05:30,5904.600098
2011-01-10 00:00:00+05:30,5762.850098
2011-01-11 00:00:00+05:30,5754.100098
2011-01-12 00:00:00+05:30,5863.25
2011-01-13 00:00:00+05:30,5751.899902
2011-01-14 00:00:00+05:30,5654.549805
2011-01-17 00:00:00+05:30,5654.75
2011-01-18 00:00:00+05:30,5724.049805
2011-01-19 00:00:00+05:30,5691.049805
2011-01-20 00:00:00+05:30,5711.600098
2011-01-21 00:00:00+05:30,5696.5
2011-01-24 00:00:00+05:30,5743.25
2011-01-25 00:00:00+05:30,5687.399902
2011-01-27 00:00:00+05:30,5604.299805
2011-01-28 00:00:00+05:30,5512.149902
2011-01-31 00:00:00+05:30,5505.899902
2011-02-01 00:00:00+05:30,5417.200195
2011-02-02 00:00:00+05:30,5432
2011-02-03 00:00:00+05:30,5526.75
2011-02-04 00:00:00+05:30,5395.75
2011-02-07 00:00:00+05:30,5396
2011-02-08 00:00:00+05:30,5312.549805
2011-02-09 00:00:00+05:30,5253.549805
2011-02-10 00:00:00+05:30,5225.799805
2011-02-11 00:00:00+05:30,5310
2011-02-14 00:00:00+05:30,5456
2011-02-15 00:00:00+05:30,5481
2011-02-16 00:00:00+05:30,5481.700195
2011-02-17 00:00:00+05:30,5546.450195
2011-02-18 00:00:00+05:30,5458.950195
2011-02-21 00:00:00+05:30,5518.600098
2011-02-22 00:00:00+05:30,5469.200195
2011-02-23 00:00:00+05:30,5437.350098
2011-02-24 00:00:00+05:30,5262.700195
2011-02-25 00:00:00+05:30,5303.549805
2011-02-28 00:00:00+05:30,5333.25
2011-03-01 00:00:00+05:30,5522.299805
2011-03-03 00:00:00+05:30,5536.200195
2011-03-04 00:00:00+05:30,5538.75
2011-03-07 00:00:00+05:30,5463.149902
2011-03-08 00:00:00+05:30,5520.799805
2011-03-09 00:00:00+05:30,5531
2011-03-10 00:00:00+05:30,5494.399902
2011-03-11 00:00:00+05:30,5445.450195
2011-03-14 00:00:00+05:30,5531.5
2011-03-15 00:00:00+05:30,5449.649902
2011-03-16 00:00:00+05:30,5511.149902
2011-03-17 00:00:00+05:30,5446.649902
2011-03-18 00:00:00+05:30,5373.700195
2011-03-21 00:00:00+05:30,5364.75
2011-03-22 00:00:00+05:30,5413.850098
2011-03-23 00:00:00+05:30,5480.25
2011-03-24 00:00:00+05:30,5522.399902
2011-03-25 00:00:00+05:30,5654.25
2011-03-28 00:00:00+05:30,5687.25
2011-03-29 00:00:00+05:30,5736.350098
2011-03-30 00:00:00+05:30,5787.649902
2011-03-31 00:00:00+05:30,5833.75
2011-04-01 00:00:00+05:30,5826.049805
2011-04-04 00:00:00+05:30,5908.450195
2011-04-05 00:00:00+05:30,5910.049805
2011-04-06 00:00:00+05:30,5891.75
2011-04-07 00:00:00+05:30,5885.700195
2011-04-08 00:00:00+05:30,5842
2011-04-11 00:00:00+05:30,5785.700195
2011-04-13 00:00:00+05:30,5911.5
2011-04-15 00:00:00+05:30,5824.549805
2011-04-18 00:00:00+05:30,5729.100098
2011-04-19 00:00:00+05:30,5740.75
2011-04-20 00:00:00+05:30,5851.649902
2011-04-21 00:00:00+05:30,5884.700195
2011-04-25 00:00:00+05:30,5874.5
2011-04-26 00:00:00+05:30,5868.399902
2011-04-27 00:00:00+05:30,5833.899902
2011-04-28 00:00:00+05:30,5785.450195
2011-04-29 00:00:00+05:30,5749.5
2011-05-02 00:00:00+05:30,5701.299805
2011-05-03 00:00:00+05:30,5565.25
2011-05-04 00:00:00+05:30,5537.149902
2011-05-05 00:00:00+05:30,5459.850098
2011-05-06 00:00:00+05:30,5551.450195
2011-05-09 00:00:00+05:30,5551.100098
2011-05-10 00:00:00+05:30,5541.25
2011-05-11 00:00:00+05:30,5565.049805
2011-05-12 00:00:00+05:30,5486.149902
2011-05-13 00:00:00+05:30,5544.75
2011-05-16 00:00:00+05:30,5499
2011-05-17 00:00:00+05:30,5438.950195
2011-05-18 00:00:00+05:30,5420.600098
2011-05-19 00:00:00+05:30,5428.100098
2011-05-20 00:00:00+05:30,5486.350098
2011-05-23 00:00:00+05:30,5386.549805
2011-05-24 00:00:00+05:30,5394.850098
2011-05-25 00:00:00+05:30,5348.950195
2011-05-26 00:00:00+05:30,5412.350098
2011-05-27 00:00:00+05:30,5476.100098
2011-05-30 00:00:00+05:30,5473.100098
2011-06-01 00:00:00+05:30,5592
2011-06-02 00:00:00+05:30,5550.350098
2011-06-03 00:00:00+05:30,5516.75
2011-06-06 00:00:00+05:30,5532.049805
2011-06-07 00:00:00+05:30,5556.149902
2011-06-08 00:00:00+05:30,5526.850098
2011-06-09 00:00:00+05:30,5521.049805
2011-06-10 00:00:00+05:30,5485.799805
2011-06-13 00:00:00+05:30,5482.799805
2011-06-14 00:00:00+05:30,5500.5
2011-06-15 00:00:00+05:30,5447.5
2011-06-16 00:00:00+05:30,5396.75
2011-06-17 00:00:00+05:30,5366.399902
2011-06-20 00:00:00+05:30,5257.899902
2011-06-21 00:00:00+05:30,5275.850098
2011-06-22 00:00:00+05:30,5278.299805
2011-06-23 00:00:00+05:30,5320
2011-06-24 00:00:00+05:30,5471.25
2011-06-27 00:00:00+05:30,5526.600098
2011-06-28 00:00:00+05:30,5545.299805
2011-06-29 00:00:00+05:30,5600.450195
2011-06-30 00:00:00+05:30,5647.399902
2011-07-01 00:00:00+05:30,5627.200195
2011-07-04 00:00:00+05:30,5650.5
2011-07-05 00:00:00+05:30,5632.100098
2011-07-06 00:00:00+05:30,5625.450195
2011-07-07 00:00:00+05:30,5728.950195
2011-07-08 00:00:00+05:30,5660.649902
2011-07-11 00:00:00+05:30,5616.100098
2011-07-12 00:00:00+05:30,5526.149902
2011-07-13 00:00:00+05:30,5585.450195
2011-07-15 00:00:00+05:30,5581.100098
2011-07-18 00:00:00+05:30,5567.049805
2011-07-19 00:00:00+05:30,5613.549805
2011-07-20 00:00:00+05:30,5567.049805
2011-07-21 00:00:00+05:30,5541.600098
2011-07-22 00:00:00+05:30,5633.950195
2011-07-25 00:00:00+05:30,5680.299805
2011-07-26 00:00:00+05:30,5574.850098
2011-07-27 00:00:00+05:30,5546.799805
2011-07-28 00:00:00+05:30,5487.75
2011-07-29 00:00:00+05:30,5482
2011-08-01 00:00:00+05:30,5516.799805
2011-08-02 00:00:00+05:30,5456.549805
2011-08-03 00:00:00+05:30,5404.799805
2011-08-04 00:00:00+05:30,5331.799805
2011-08-05 00:00:00+05:30,5211.25
2011-08-08 00:00:00+05:30,5118.5
2011-08-09 00:00:00+05:30,5072.850098
2011-08-10 00:00:00+05:30,5161
2011-08-11 00:00:00+05:30,5138.299805
2011-08-12 00:00:00+05:30,5072.950195
2011-08-16 00:00:00+05:30,5035.799805
2011-08-17 00:00:00+05:30,5056.600098
2011-08-18 00:00:00+05:30,4944.149902
2011-08-19 00:00:00+05:30,4845.649902
2011-08-22 00:00:00+05:30,4898.799805
2011-08-23 00:00:00+05:30,4948.899902
2011-08-24 00:00:00+05:30,4888.899902
2011-08-25 00:00:00+05:30,4839.600098
2011-08-26 00:00:00+05:30,4747.799805
2011-08-29 00:00:00+05:30,4919.600098
2011-08-30 00:00:00+05:30,5001
2011-09-02 00:00:00+05:30,5040
2011-09-05 00:00:00+05:30,5017.200195
2011-09-06 00:00:00+05:30,5064.299805
2011-09-07 00:00:00+05:30,5124.649902
2011-09-08 00:00:00+05:30,5153.25
2011-09-09 00:00:00+05:30,5059.450195
2011-09-12 00:00:00+05:30,4946.799805
2011-09-13 00:00:00+05:30,4940.950195
2011-09-14 00:00:00+05:30,5012.549805
2011-09-15 00:00:00+05:30,5075.700195
2011-09-16 00:00:00+05:30,5084.25
2011-09-19 00:00:00+05:30,5031.950195
2011-09-20 00:00:00+05:30,5140.200195
2011-09-21 00:00:00+05:30,5133.25
2011-09-22 00:00:00+05:30,4923.649902
2011-09-23 00:00:00+05:30,4867.75
2011-09-26 00:00:00+05:30,4835.399902
2011-09-27 00:00:00+05:30,4971.25
2011-09-28 00:00:00+05:30,4945.899902
2011-09-29 00:00:00+05:30,5015.450195
2011-09-30 00:00:00+05:30,4943.25
2011-10-03 00:00:00+05:30,4849.5
2011-10-04 00:00:00+05:30,4772.149902
2011-10-05 00:00:00+05:30,4751.299805
2011-10-07 00:00:00+05:30,4888.049805
2011-10-10 00:00:00+05:30,4979.600098
2011-10-11 00:00:00+05:30,4974.350098
2011-10-12 00:00:00+05:30,5099.399902
2011-10-13 00:00:00+05:30,5077.850098
2011-10-14 00:00:00+05:30,5132.299805
2011-10-17 00:00:00+05:30,5118.25
2011-10-18 00:00:00+05:30,5037.5
2011-10-19 00:00:00+05:30,5139.149902
2011-10-20 00:00:00+05:30,5091.899902
2011-10-21 00:00:00+05:30,5049.950195
2011-10-24 00:00:00+05:30,5098.350098
2011-10-25 00:00:00+05:30,5191.600098
2011-10-28 00:00:00+05:30,5360.700195
2011-10-31 00:00:00+05:30,5326.600098
2011-11-01 00:00:00+05:30,5257.950195
2011-11-02 00:00:00+05:30,5258.450195
2011-11-03 00:00:00+05:30,5265.75
2011-11-04 00:00:00+05:30,5284.200195
2011-11-08 00:00:00+05:30,5289.350098
2011-11-09 00:00:00+05:30,5221.049805
2011-11-11 00:00:00+05:30,5168.850098
2011-11-14 00:00:00+05:30,5148.350098
2011-11-15 00:00:00+05:30,5068.5
2011-11-16 00:00:00+05:30,5030.450195
2011-11-17 00:00:00+05:30,4934.75
2011-11-18 00:00:00+05:30,4905.799805
2011-11-21 00:00:00+05:30,4778.350098
2011-11-22 00:00:00+05:30,4812.350098
2011-11-23 00:00:00+05:30,4706.450195
2011-11-25 00:00:00+05:30,4710.049805
2011-11-28 00:00:00+05:30,4851.299805
2011-11-29 00:00:00+05:30,4805.100098
2011-11-30 00:00:00+05:30,4832.049805
2011-12-01 00:00:00+05:30,4936.850098
2011-12-02 00:00:00+05:30,5050.149902
2011-12-05 00:00:00+05:30,5039.149902
2011-12-07 00:00:00+05:30,5062.600098
2011-12-08 00:00:00+05:30,4943.649902
2011-12-09 00:00:00+05:30,4866.700195
2011-12-12 00:00:00+05:30,4764.600098
2011-12-13 00:00:00+05:30,4800.600098
2011-12-14 00:00:00+05:30,4763.25
2011-12-15 00:00:00+05:30,4746.350098
2011-12-16 00:00:00+05:30,4651.600098
2011-12-19 00:00:00+05:30,4613.100098
2011-12-20 00:00:00+05:30,4544.200195
2011-12-21 00:00:00+05:30,4693.149902
2011-12-22 00:00:00+05:30,4733.850098
2011-12-23 00:00:00+05:30,4714
2011-12-27 00:00:00+05:30,4750.5
2011-12-28 00:00:00+05:30,4705.799805
2011-12-29 00:00:00+05:30,4646.25
2011-12-30 00:00:00+05:30,4624.299805
2012-01-03 00:00:00+05:30,4765.299805
2012-01-04 00:00:00+05:30,4749.649902
2012-01-05 00:00:00+05:30,4749.950195
2012-01-06 00:00:00+05:30,4754.100098
2012-01-09 00:00:00+05:30,4742.799805
2012-01-10 00:00:00+05:30,4849.549805
2012-01-11 00:00:00+05:30,4860.950195
2012-01-12 00:00:00+05:30,4831.25
2012-01-13 00:00:00+05:30,4866
2012-01-16 00:00:00+05:30,4873.899902
2012-01-17 00:00:00+05:30,4967.299805
2012-01-18 00:00:00+05:30,4955.799805
2012-01-19 00:00:00+05:30,5018.399902
2012-01-20 00:00:00+05:30,5048.600098
2012-01-23 00:00:00+05:30,5046.25
2012-01-24 00:00:00+05:30,5127.350098
2012-01-25 00:00:00+05:30,5158.299805
2012-01-27 00:00:00+05:30,5204.700195
2012-01-30 00:00:00+05:30,5087.299805
2012-01-31 00:00:00+05:30,5199.25
2012-02-01 00:00:00+05:30,5235.700195
2012-02-02 00:00:00+05:30,5269.899902
2012-02-03 00:00:00+05:30,5325.850098
2012-02-06 00:00:00+05:30,5361.649902
2012-02-07 00:00:00+05:30,5335.149902
2012-02-08 00:00:00+05:30,5368.149902
2012-02-09 00:00:00+05:30,5412.350098
2012-02-10 00:00:00+05:30,5381.600098
2012-02-13 00:00:00+05:30,5390.200195
2012-02-14 00:00:00+05:30,5416.049805
2012-02-15 00:00:00+05:30,5531.950195
2012-02-16 00:00:00+05:30,5521.950195
2012-02-17 00:00:00+05:30,5564.299805
2012-02-21 00:00:00+05:30,5607.149902
2012-02-22 00:00:00+05:30,5505.350098
2012-02-23 00:00:00+05:30,5483.299805
2012-02-24 00:00:00+05:30,5429.299805
2012-02-27 00:00:00+05:30,5281.200195
2012-02-28 00:00:00+05:30,5375.5
2012-02-29 00:00:00+05:30,5385.200195
2012-03-01 00:00:00+05:30,5339.75
2012-03-02 00:00:00+05:30,5359.350098
2012-03-05 00:00:00+05:30,5280.350098
2012-03-06 00:00:00+05:30,5222.399902
2012-03-07 00:00:00+05:30,5220.450195
2012-03-09 00:00:00+05:30,5333.549805
2012-03-12 00:00:00+05:30,5359.549805
2012-03-13 00:00:00+05:30,5429.5
2012-03-14 00:00:00+05:30,5463.899902
2012-03-15 00:00:00+05:30,5380.5
2012-03-16 00:00:00+05:30,5317.899902
2012-03-19 00:00:00+05:30,5257.049805
2012-03-20 00:00:00+05:30,5274.850098
2012-03-21 00:00:00+05:30,5364.950195
2012-03-22 00:00:00+05:30,5228.450195
2012-03-23 00:00:00+05:30,5278.200195
2012-03-26 00:00:00+05:30,5184.25
2012-03-27 00:00:00+05:30,5243.149902
2012-03-28 00:00:00+05:30,5194.75
2012-03-29 00:00:00+05:30,5178.850098
2012-03-30 00:00:00+05:30,5295.549805
2012-04-02 00:00:00+05:30,5317.899902
2012-04-03 00:00:00+05:30,5358.5
2012-04-04 00:00:00+05:30,5322.899902
2012-04-09 00:00:00+05:30,5234.399902
2012-04-10 00:00:00+05:30,5243.600098
2012-04-11 00:00:00+05:30,5226.850098
2012-04-12 00:00:00+05:30,5276.850098
2012-04-13 00:00:00+05:30,5207.450195
2012-04-16 00:00:00+05:30,5226.200195
2012-04-17 00:00:00+05:30,5289.700195
2012-04-18 00:00:00+05:30,5300
2012-04-19 00:00:00+05:30,5332.399902
2012-04-20 00:00:00+05:30,5290.850098
2012-04-23 00:00:00+05:30,5200.600098
2012-04-24 00:00:00+05:30,5222.649902
2012-04-25 00:00:00+05:30,5202
2012-04-26 00:00:00+05:30,5189
2012-04-27 00:00:00+05:30,5190.600098
2012-04-30 00:00:00+05:30,5248.149902
2012-05-02 00:00:00+05:30,5239.149902
2012-05-03 00:00:00+05:30,5188.399902
2012-05-04 00:00:00+05:30,5086.850098
2012-05-07 00:00:00+05:30,5114.149902
2012-05-08 00:00:00+05:30,4999.950195
2012-05-09 00:00:00+05:30,4974.799805
2012-05-10 00:00:00+05:30,4965.700195
2012-05-11 00:00:00+05:30,4928.899902
2012-05-14 00:00:00+05:30,4907.799805
2012-05-15 00:00:00+05:30,4942.799805
2012-05-16 00:00:00+05:30,4858.25
2012-05-17 00:00:00+05:30,4870.200195
2012-05-18 00:00:00+05:30,4891.450195
2012-05-22 00:00:00+05:30,4860.5
2012-05-23 00:00:00+05:30,4835.649902
2012-05-24 00:00:00+05:30,4921.399902
2012-05-25 00:00:00+05:30,4920.399902
2012-05-28 00:00:00+05:30,4985.649902
2012-05-29 00:00:00+05:30,4990.100098
2012-05-30 00:00:00+05:30,4950.75
2012-05-31 00:00:00+05:30,4924.25
2012-06-01 00:00:00+05:30,4841.600098
2012-06-04 00:00:00+05:30,4848.149902
2012-06-05 00:00:00+05:30,4863.299805
2012-06-06 00:00:00+05:30,4997.100098
2012-06-07 00:00:00+05:30,5049.649902
2012-06-08 00:00:00+05:30,5068.350098
2012-06-11 00:00:00+05:30,5054.100098
2012-06-12 00:00:00+05:30,5115.899902
2012-06-13 00:00:00+05:30,5121.450195
2012-06-14 00:00:00+05:30,5054.75
2012-06-15 00:00:00+05:30,5139.049805
2012-06-18 00:00:00+05:30,5064.25
2012-06-19 00:00:00+05:30,5103.850098
2012-06-20 00:00:00+05:30,5120.549805
2012-06-21 00:00:00+05:30,5165
2012-06-22 00:00:00+05:30,5146.049805
2012-06-25 00:00:00+05:30,5114.649902
2012-06-26 00:00:00+05:30,5120.799805
2012-06-27 00:00:00+05:30,5141.899902
2012-06-28 00:00:00+05:30,5149.149902
2012-06-29 00:00:00+05:30,5278.899902
2012-07-02 00:00:00+05:30,5278.600098
2012-07-03 00:00:00+05:30,5287.950195
2012-07-04 00:00:00+05:30,5302.549805
2012-07-05 00:00:00+05:30,5327.299805
2012-07-06 00:00:00+05:30,5316.950195
2012-07-09 00:00:00+05:30,5275.149902
2012-07-10 00:00:00+05:30,5345.350098
2012-07-11 00:00:00+05:30,5306.299805
2012-07-12 00:00:00+05:30,5235.25
2012-07-13 00:00:00+05:30,5227.25
2012-07-16 00:00:00+05:30,5197.25
2012-07-17 00:00:00+05:30,5192.850098
2012-07-18 00:00:00+05:30,5216.299805
2012-07-19 00:00:00+05:30,5242.700195
2012-07-20 00:00:00+05:30,5205.100098
2012-07-23 00:00:00+05:30,5117.950195
2012-07-24 00:00:00+05:30,5128.200195
2012-07-25 00:00:00+05:30,5109.600098
2012-07-26 00:00:00+05:30,5043
2012-07-27 00:00:00+05:30,5099.850098
2012-07-30 00:00:00+05:30,5199.799805
2012-07-31 00:00:00+05:30,5229
2012-08-01 00:00:00+05:30,5240.5
2012-08-02 00:00:00+05:30,5227.75
2012-08-03 00:00:00+05:30,5215.700195
2012-08-06 00:00:00+05:30,5282.549805
2012-08-07 00:00:00+05:30,5336.700195
2012-08-08 00:00:00+05:30,5338
2012-08-09 00:00:00+05:30,5322.950195
2012-08-10 00:00:00+05:30,5320.399902
2012-08-13 00:00:00+05:30,5347.899902
2012-08-14 00:00:00+05:30,5380.350098
2012-08-16 00:00:00+05:30,5362.950195
2012-08-17 00:00:00+05:30,5366.299805
2012-08-21 00:00:00+05:30,5421
2012-08-22 00:00:00+05:30,5412.850098
2012-08-23 00:00:00+05:30,5415.350098
2012-08-24 00:00:00+05:30,5386.700195
2012-08-27 00:00:00+05:30,5350.25
2012-08-29 00:00:00+05:30,5287.799805
2012-08-30 00:00:00+05:30,5315.049805
2012-08-31 00:00:00+05:30,5258.5
2012-09-03 00:00:00+05:30,5253.75
2012-09-04 00:00:00+05:30,5274
2012-09-05 00:00:00+05:30,5225.700195
2012-09-06 00:00:00+05:30,5238.399902
2012-09-07 00:00:00+05:30,5342.100098
2012-09-10 00:00:00+05:30,5363.450195
2012-09-11 00:00:00+05:30,5390
2012-09-12 00:00:00+05:30,5431
2012-09-13 00:00:00+05:30,5435.350098
2012-09-14 00:00:00+05:30,5577.649902
2012-09-17 00:00:00+05:30,5610
2012-09-18 00:00:00+05:30,5600.049805
2012-09-20 00:00:00+05:30,5554.25
2012-09-21 00:00:00+05:30,5691.149902
2012-09-24 00:00:00+05:30,5669.600098
2012-09-25 00:00:00+05:30,5673.899902
2012-09-26 00:00:00+05:30,5663.450195
2012-09-27 00:00:00+05:30,5649.5
2012-09-28 00:00:00+05:30,5703.299805
2012-10-01 00:00:00+05:30,5718.799805
2012-10-03 00:00:00+05:30,5731.25
2012-10-04 00:00:00+05:30,5787.600098
2012-10-05 00:00:00+05:30,5746.950195
2012-10-08 00:00:00+05:30,5676
2012-10-09 00:00:00+05:30,5704.600098
2012-10-10 00:00:00+05:30,5652.149902
2012-10-11 00:00:00+05:30,5708.049805
2012-10-12 00:00:00+05:30,5676.049805
2012-10-15 00:00:00+05:30,5687.25
2012-10-16 00:00:00+05:30,5648
2012-10-17 00:00:00+05:30,5660.25
2012-10-18 00:00:00+05:30,5718.700195
2012-10-19 00:00:00+05:30,5684.25
2012-10-22 00:00:00+05:30,5717.149902
2012-10-23 00:00:00+05:30,5691.399902
2012-10-25 00:00:00+05:30,5705.299805
2012-10-29 00:00:00+05:30,5665.600098
2012-10-30 00:00:00+05:30,5597.899902
2012-10-31 00:00:00+05:30,5619.700195
2012-11-01 00:00:00+05:30,5645.049805
2012-11-02 00:00:00+05:30,5697.700195
2012-11-05 00:00:00+05:30,5704.200195
2012-11-06 00:00:00+05:30,5724.399902
2012-11-07 00:00:00+05:30,5760.100098
2012-11-08 00:00:00+05:30,5738.75
2012-11-09 00:00:00+05:30,5686.25
2012-11-12 00:00:00+05:30,5683.700195
2012-11-15 00:00:00+05:30,5631
2012-11-16 00:00:00+05:30,5574.049805
2012-11-19 00:00:00+05:30,5571.399902
2012-11-20 00:00:00+05:30,5571.549805
2012-11-21 00:00:00+05:30,5614.799805
2012-11-22 00:00:00+05:30,5627.75
2012-11-23 00:00:00+05:30,5626.600098
2012-11-26 00:00:00+05:30,5635.899902
2012-11-27 00:00:00+05:30,5727.450195
2012-11-29 00:00:00+05:30,5825
2012-11-30 00:00:00+05:30,5879.850098
2012-12-03 00:00:00+05:30,5870.950195
2012-12-04 00:00:00+05:30,5889.25
2012-12-05 00:00:00+05:30,5900.5
2012-12-06 00:00:00+05:30,5930.899902
2012-12-07 00:00:00+05:30,5907.399902
2012-12-10 00:00:00+05:30,5908.899902
2012-12-11 00:00:00+05:30,5898.799805
2012-12-12 00:00:00+05:30,5888
2012-12-13 00:00:00+05:30,5851.5
2012-12-14 00:00:00+05:30,5879.600098
2012-12-17 00:00:00+05:30,5857.899902
2012-12-18 00:00:00+05:30,5896.799805
2012-12-19 00:00:00+05:30,5929.600098
2012-12-20 00:00:00+05:30,5916.399902
2012-12-21 00:00:00+05:30,5847.700195
2012-12-24 00:00:00+05:30,5855.75
2012-12-26 00:00:00+05:30,5905.600098
2012-12-27 00:00:00+05:30,5870.100098
2012-12-28 00:00:00+05:30,5908.350098
2012-12-31 00:00:00+05:30,5905.100098
2013-01-02 00:00:00+05:30,5993.25
2013-01-03 00:00:00+05:30,6009.5
2013-01-04 00:00:00+05:30,6016.149902
2013-01-07 00:00:00+05:30,5988.399902
2013-01-08 00:00:00+05:30,6001.700195
2013-01-09 00:00:00+05:30,5971.5
2013-01-10 00:00:00+05:30,5968.649902
2013-01-11 00:00:00+05:30,5951.299805
2013-01-14 00:00:00+05:30,6024.049805
2013-01-15 00:00:00+05:30,6056.600098
2013-01-16 00:00:00+05:30,6001.850098
2013-01-17 00:00:00+05:30,6039.200195
2013-01-18 00:00:00+05:30,6064.399902
2013-01-21 00:00:00+05:30,6082.299805
2013-01-22 00:00:00+05:30,6048.5
2013-01-23 00:00:00+05:30,6054.299805
2013-01-24 00:00:00+05:30,6019.350098
2013-01-25 00:00:00+05:30,6074.649902
2013-01-28 00:00:00+05:30,6074.799805
2013-01-29 00:00:00+05:30,6049.899902
2013-01-30 00:00:00+05:30,6055.75
2013-01-31 00:00:00+05:30,6034.75
2013-02-01 00:00:00+05:30,5998.899902
2013-02-04 00:00:00+05:30,5987.25
2013-02-05 00:00:00+05:30,5956.899902
2013-02-06 00:00:00+05:30,5959.200195
2013-02-07 00:00:00+05:30,5938.799805
2013-02-08 00:00:00+05:30,5903.5
2013-02-11 00:00:00+05:30,5897.850098
2013-02-12 00:00:00+05:30,5922.5
2013-02-13 00:00:00+05:30,5932.950195
2013-02-14 00:00:00+05:30,5896.950195
2013-02-15 00:00:00+05:30,5887.399902
2013-02-18 00:00:00+05:30,5898.200195
2013-02-19 00:00:00+05:30,5939.700195
2013-02-20 00:00:00+05:30,5943.049805
2013-02-21 00:00:00+05:30,5852.25
2013-02-22 00:00:00+05:30,5850.299805
2013-02-25 00:00:00+05:30,5854.75
2013-02-26 00:00:00+05:30,5761.350098
2013-02-27 00:00:00+05:30,5796.899902
2013-02-28 00:00:00+05:30,5693.049805
2013-03-01 00:00:00+05:30,5719.700195
2013-03-04 00:00:00+05:30,5698.5
2013-03-05 00:00:00+05:30,5784.25
2013-03-06 00:00:00+05:30,5818.600098
2013-03-07 00:00:00+05:30,5863.299805
2013-03-08 00:00:00+05:30,5945.700195
2013-03-11 00:00:00+05:30,5942.350098
2013-03-12 00:00:00+05:30,5914.100098
2013-03-13 00:00:00+05:30,5851.200195
2013-03-14 00:00:00+05:30,5908.950195
2013-03-15 00:00:00+05:30,5872.600098
2013-03-18 00:00:00+05:30,5835.25
2013-03-19 00:00:00+05:30,5745.950195
2013-03-20 00:00:00+05:30,5694.399902
2013-03-21 00:00:00+05:30,5658.75
2013-03-22 00:00:00+05:30,5651.350098
2013-03-25 00:00:00+05:30,5633.850098
2013-03-26 00:00:00+05:30,5641.600098
2013-03-28 00:00:00+05:30,5682.549805
2013-04-01 00:00:00+05:30,5704.399902
2013-04-02 00:00:00+05:30,5748.100098
2013-04-03 00:00:00+05:30,5672.899902
2013-04-04 00:00:00+05:30,5574.75
2013-04-05 00:00:00+05:30,5553.25
2013-04-08 00:00:00+05:30,5542.950195
2013-04-09 00:00:00+05:30,5495.100098
2013-04-10 00:00:00+05:30,5558.700195
2013-04-11 00:00:00+05:30,5594
2013-04-12 00:00:00+05:30,5528.549805
2013-04-15 00:00:00+05:30,5568.399902
2013-04-16 00:00:00+05:30,5688.950195
2013-04-17 00:00:00+05:30,5688.700195
2013-04-18 00:00:00+05:30,5783.100098
2013-04-22 00:00:00+05:30,5834.399902
2013-04-23 00:00:00+05:30,5836.899902
2013-04-25 00:00:00+05:30,5916.299805
2013-04-26 00:00:00+05:30,5871.450195
2013-04-29 00:00:00+05:30,5904.100098
2013-04-30 00:00:00+05:30,5930.200195
2013-05-02 00:00:00+05:30,5999.350098
2013-05-03 00:00:00+05:30,5944
2013-05-06 00:00:00+05:30,5971.049805
2013-05-07 00:00:00+05:30,6043.549805
2013-05-08 00:00:00+05:30,6069.299805
2013-05-09 00:00:00+05:30,6050.149902
2013-05-10 00:00:00+05:30,6094.75
2013-05-13 00:00:00+05:30,5980.450195
2013-05-14 00:00:00+05:30,5995.399902
2013-05-15 00:00:00+05:30,6146.75
2013-05-16 00:00:00+05:30,6169.899902
2013-05-17 00:00:00+05:30,6187.299805
2013-05-20 00:00:00+05:30,6156.899902
2013-05-21 00:00:00+05:30,6114.100098
2013-05-22 00:00:00+05:30,6094.5
2013-05-23 00:00:00+05:30,5967.049805
2013-05-24 00:00:00+05:30,5983.549805
2013-05-27 00:00:00+05:30,6083.149902
2013-05-28 00:00:00+05:30,6111.25
2013-05-29 00:00:00+05:30,6104.299805
2013-05-30 00:00:00+05:30,6124.049805
2013-05-31 00:00:00+05:30,5985.950195
2013-06-03 00:00:00+05:30,5939.299805
2013-06-04 00:00:00+05:30,5919.450195
2013-06-05 00:00:00+05:30,5923.850098
2013-06-06 00:00:00+05:30,5921.399902
2013-06-07 00:00:00+05:30,5881
2013-06-10 00:00:00+05:30,5878
2013-06-11 00:00:00+05:30,5788.799805
2013-06-12 00:00:00+05:30,5760.200195
2013-06-13 00:00:00+05:30,5699.100098
2013-06-14 00:00:00+05:30,5808.399902
2013-06-17 00:00:00+05:30,5850.049805
2013-06-18 00:00:00+05:30,5813.600098
2013-06-19 00:00:00+05:30,5822.25
2013-06-20 00:00:00+05:30,5655.899902
2013-06-21 00:00:00+05:30,5667.649902
2013-06-24 00:00:00+05:30,5590.25
2013-06-25 00:00:00+05:30,5609.100098
2013-06-26 00:00:00+05:30,5588.700195
2013-06-27 00:00:00+05:30,5682.350098
2013-06-28 00:00:00+05:30,5842.200195
2013-07-01 00:00:00+05:30,5898.850098
2013-07-02 00:00:00+05:30,5857.549805
2013-07-03 00:00:00+05:30,5770.899902
2013-07-04 00:00:00+05:30,5836.950195
2013-07-05 00:00:00+05:30,5867.899902
2013-07-08 00:00:00+05:30,5811.549805
2013-07-09 00:00:00+05:30,5859
2013-07-10 00:00:00+05:30,5816.700195
2013-07-11 00:00:00+05:30,5935.100098
2013-07-12 00:00:00+05:30,6009
2013-07-15 00:00:00+05:30,6030.799805
2013-07-16 00:00:00+05:30,5955.25
2013-07-17 00:00:00+05:30,5973.299805
2013-07-18 00:00:00+05:30,6038.049805
2013-07-19 00:00:00+05:30,6029.200195
2013-07-22 00:00:00+05:30,6031.799805
2013-07-23 00:00:00+05:30,6077.799805
2013-07-24 00:00:00+05:30,5990.5
2013-07-25 00:00:00+05:30,5907.5
2013-07-26 00:00:00+05:30,5886.200195
2013-07-29 00:00:00+05:30,5831.649902
2013-07-30 00:00:00+05:30,5755.049805
2013-07-31 00:00:00+05:30,5742
2013-08-01 00:00:00+05:30,5727.850098
2013-08-02 00:00:00+05:30,5677.899902
2013-08-05 00:00:00+05:30,5685.399902
2013-08-06 00:00:00+05:30,5542.25
2013-08-07 00:00:00+05:30,5519.100098
2013-08-08 00:00:00+05:30,5565.649902
2013-08-12 00:00:00+05:30,5612.399902
2013-08-13 00:00:00+05:30,5699.299805
2013-08-14 00:00:00+05:30,5742.299805
2013-08-16 00:00:00+05:30,5507.850098
2013-08-19 00:00:00+05:30,5414.75
2013-08-20 00:00:00+05:30,5401.450195
2013-08-21 00:00:00+05:30,5302.549805
2013-08-22 00:00:00+05:30,5408.450195
2013-08-23 00:00:00+05:30,5471.75
2013-08-26 00:00:00+05:30,5476.5
2013-08-27 00:00:00+05:30,5287.450195
2013-08-28 00:00:00+05:30,5285
2013-08-29 00:00:00+05:30,5409.049805
2013-08-30 00:00:00+05:30,5471.799805
2013-09-02 00:00:00+05:30,5550.75
2013-09-03 00:00:00+05:30,5341.450195
2013-09-04 00:00:00+05:30,5448.100098
2013-09-05 00:00:00+05:30,5592.950195
2013-09-06 00:00:00+05:30,5680.399902
2013-09-10 00:00:00+05:30,5896.75
2013-09-11 00:00:00+05:30,5913.149902
2013-09-12 00:00:00+05:30,5850.700195
2013-09-13 00:00:00+05:30,5850.600098
2013-09-16 00:00:00+05:30,5840.549805
2013-09-17 00:00:00+05:30,5850.200195
2013-09-18 00:00:00+05:30,5899.450195
2013-09-19 00:00:00+05:30,6115.549805
2013-09-20 00:00:00+05:30,6012.100098
2013-09-23 00:00:00+05:30,5889.75
2013-09-24 00:00:00+05:30,5892.450195
2013-09-25 00:00:00+05:30,5873.850098
2013-09-26 00:00:00+05:30,5882.25
2013-09-27 00:00:00+05:30,5833.200195
2013-09-30 00:00:00+05:30,5735.299805
2013-10-01 00:00:00+05:30,5780.049805
2013-10-03 00:00:00+05:30,5909.700195
2013-10-04 00:00:00+05:30,5907.299805
2013-10-07 00:00:00+05:30,5906.149902
2013-10-08 00:00:00+05:30,5928.399902
2013-10-09 00:00:00+05:30,6007.450195
2013-10-10 00:00:00+05:30,6020.950195
2013-10-11 00:00:00+05:30,6096.200195
2013-10-14 00:00:00+05:30,6112.700195
2013-10-15 00:00:00+05:30,6089.049805
2013-10-17 00:00:00+05:30,6045.850098
2013-10-18 00:00:00+05:30,6189.350098
2013-10-21 00:00:00+05:30,6204.950195
2013-10-22 00:00:00+05:30,6202.799805
2013-10-23 00:00:00+05:30,6178.350098
2013-10-24 00:00:00+05:30,6164.350098
2013-10-25 00:00:00+05:30,6144.899902
2013-10-28 00:00:00+05:30,6101.100098
2013-10-29 00:00:00+05:30,6220.899902
2013-10-30 00:00:00+05:30,6251.700195
2013-10-31 00:00:00+05:30,6299.149902
2013-11-01 00:00:00+05:30,6307.200195
2013-11-05 00:00:00+05:30,6253.149902
2013-11-06 00:00:00+05:30,6215.149902
2013-11-07 00:00:00+05:30,6187.25
2013-11-08 00:00:00+05:30,6140.75
2013-11-11 00:00:00+05:30,6078.799805
2013-11-12 00:00:00+05:30,6018.049805
2013-11-13 00:00:00+05:30,5989.600098
2013-11-14 00:00:00+05:30,6056.149902
2013-11-18 00:00:00+05:30,6189
2013-11-19 00:00:00+05:30,6203.350098
2013-11-20 00:00:00+05:30,6122.899902
2013-11-21 00:00:00+05:30,5999.049805
2013-11-22 00:00:00+05:30,5995.450195
2013-11-25 00:00:00+05:30,6115.350098
2013-11-26 00:00:00+05:30,6059.100098
2013-11-27 00:00:00+05:30,6057.100098
2013-11-28 00:00:00+05:30,6091.850098
2013-11-29 00:00:00+05:30,6176.100098
2013-12-02 00:00:00+05:30,6217.850098
2013-12-03 00:00:00+05:30,6201.850098
2013-12-04 00:00:00+05:30,6160.950195
2013-12-05 00:00:00+05:30,6241.100098
2013-12-06 00:00:00+05:30,6259.899902
2013-12-09 00:00:00+05:30,6363.899902
2013-12-10 00:00:00+05:30,6332.850098
2013-12-11 00:00:00+05:30,6307.899902
2013-12-12 00:00:00+05:30,6237.049805
2013-12-13 00:00:00+05:30,6168.399902
2013-12-16 00:00:00+05:30,6154.700195
2013-12-17 00:00:00+05:30,6139.049805
2013-12-18 00:00:00+05:30,6217.149902
2013-12-19 00:00:00+05:30,6166.649902
2013-12-20 00:00:00+05:30,6274.25
2013-12-23 00:00:00+05:30,6284.5
2013-12-24 00:00:00+05:30,6268.399902
2013-12-26 00:00:00+05:30,6278.899902
2013-12-27 00:00:00+05:30,6313.799805
2013-12-30 00:00:00+05:30,6291.100098
2013-12-31 00:00:00+05:30,6304
